{"frames":{"Run1":{"frame":{"x":801,"y":622,"w":96,"h":96},"rotated":false,"trimmed":false,"spriteSourceSize":{"x":0,"y":0,"w":96,"h":96},"sourceSize":{"w":96,"h":96}},"Run2":{"frame":{"x":801,"y":719,"w":96,"h":96},"rotated":false,"trimmed":false,"spriteSourceSize":{"x":0,"y":0,"w":96,"h":96},"sourceSize":{"w":96,"h":96}},"Run3":{"frame":{"x":801,"y":816,"w":96,"h":96},"rotated":false,"trimmed":false,"spriteSourceSize":{"x":0,"y":0,"w":96,"h":96},"sourceSize":{"w":96,"h":96}},"Jump1":{"frame":{"x":801,"y":913,"w":96,"h":96},"rotated":false,"trimmed":false,"spriteSourceSize":{"x":0,"y":0,"w":96,"h":96},"sourceSize":{"w":96,"h":96}},"Buildings1":{"frame":{"x":0,"y":0,"w":800,"h":600},"rotated":false,"trimmed":false,"spriteSourceSize":{"x":0,"y":0,"w":800,"h":600},"sourceSize":{"w":800,"h":600}},"Buildings2":{"frame":{"x":0,"y":601,"w":800,"h":600},"rotated":false,"trimmed":false,"spriteSourceSize":{"x":0,"y":0,"w":800,"h":600},"sourceSize":{"w":800,"h":600}},"clouds":{"frame":{"x":801,"y":0,"w":800,"h":600},"rotated":false,"trimmed":false,"spriteSourceSize":{"x":0,"y":0,"w":800,"h":600},"sourceSize":{"w":800,"h":600}},"Jump2":{"frame":{"x":801,"y":1010,"w":96,"h":96},"rotated":false,"trimmed":false,"spriteSourceSize":{"x":0,"y":0,"w":96,"h":96},"sourceSize":{"w":96,"h":96}},"sidewalk":{"frame":{"x":801,"y":601,"w":800,"h":20},"rotated":false,"trimmed":false,"spriteSourceSize":{"x":0,"y":0,"w":800,"h":20},"sourceSize":{"w":800,"h":20}},"Hydrant":{"frame":{"x":898,"y":1010,"w":96,"h":96},"rotated":false,"trimmed":false,"spriteSourceSize":{"x":0,"y":0,"w":96,"h":96},"sourceSize":{"w":96,"h":96}}},"meta":{"app":"https://www.leshylabs.com/apps/sstool/","version":"Leshy SpriteSheet Tool v0.8.4","image":"atlas.png","size":{"w":1601,"h":1201},"scale":1}}